,file.no,emotion,valence,arousal,script,script_start,script_end,clip.no
0,1,surprise,4,2,"야, 여기 있던 내 옷 못 봤어?",31,131,1_1
1,1,dislike,3,2,무슨 옷 말하는 건데?,141,194,1_2
2,1,surprise,4,1,"그거, 내가 생일에 친구한테 선물받은 원피스!",211,302,1_3
3,1,surprise,4,6,친구한테… 선물 받은 거?,331,416,1_4
4,1,happy,5,1,"그래, 그 남색에, 어깨 부분에 장식 달린 거 있잖아.",423,519,1_5
5,1,fear,4,1,아.. 그거… 그거 내가 저번에 한 번 입었어.,531,647,1_6
6,1,angry,4,3,뭐? 그걸 니가 왜 입어?,656,724,1_7
7,1,dislike,4,3,"아이, 그거 좀 입은 것 가지고 쩨쩨하게 그러냐?",741,841,1_8
8,1,angry,3,4,야! 내 허락도 없이 니 맘대로 그걸 입으면 어떡해!,851,957,1_9
9,1,angry,4,2,"됐다, 됐어, 나도 이제 치사해서 안 입는다!",966,1046,1_10
10,2,neutral,5,3,"새나야, 나 내일 지각할 거 같아. 니가 미리 자리 좀 맡아줘.",31,128,2_1
11,2,surprise,4,2,오늘도 아니고 내일 지각한다는 게 뭔 소리야?,147,254,2_2
12,2,neutral,5,3,"뭔 소리는, 내일 두 시에 할 일이 좀 있어서 바쁘단 말이야.",258,347,2_3
13,2,contempt,2,3,너 아직도 정신 못 차렸구나.,357,445,2_4
14,2,neutral,5,3,정신 못차렸다니 그게 뭔 소리야.,487,558,2_5
15,2,dislike,4,2,"내일 두 시라면, 너 티켓팅하려고 하는 거잖아. 니네 오빠들 콘서트.",562,697,2_6
16,2,surprise,4,1,"야, 그거는, 중요한 거야! 정규 2집 내고 이번에 첫 단독콘서트 하는 거라고.",717,882,2_7
17,2,contempt,4,3,지금 니네 오빠들 콘서트가 중요하냐?,887,971,2_8
18,2,surprise,4,1,중요하지 그럼!,977,1023,2_9
19,2,contempt,3,3,"으이구, 한심한 것아. 내년에 시험 떨어지고 엉엉 울어도 난 모른다.",1029,1181,2_10
20,3,happy,5,1,나 차 사려고.,31,71,3_1
21,3,surprise,6,4,차를 산다고?,81,129,3_2
22,3,happy,5,2,"응, 한대 뽑기로 했어.",151,204,3_3
23,3,surprise,6,2,"야, 니가 무슨 돈이 있어서 차를 사냐? 아빠가 사주신대?",224,341,3_4
24,3,neutral,5,3,"응. 이번에 성과급 받은 거에다, 나머진 아빠가 좀 보태주기로 했어.",368,491,3_5
25,3,sad,4,1,"야, 부럽다.",500,561,3_6
26,3,neutral,5,3,너도 사면 되잖아.,581,619,3_7
27,3,sad,5,3,내가 돈이 어딨냐? 덕분에 면허 딴 지 오 년 넘게 장롱면허 신세인데.,631,776,3_8
28,3,neutral,5,3,내가 차 사면 너 한 번 태워 줄게.,821,881,3_9
29,3,happy,6,2,한 번만?,911,931,3_10
30,3,happy,6,3,"아이구, 알았어. 너 태워달랄 때마다 태워 줄게.",941,1041,3_11
31,3,happy,6,4,진짜지? 나중에 차 산 다음에 마음 바뀌지 마라.,1051,1148,3_12
32,3,happy,5,3,알았다니까.,1156,1186,3_13
33,4,surprise,4,2,"수인아, 어디서 무슨 냄새 좀 나는 것 같지 않아?",31,141,4_1
34,4,dislike,5,1,"그냥, 좀 이상한 냄새가… 나는 것 같아서.",281,361,4_2
35,4,surprise,4,5,아.. 아니.. 나는 모르겠는데.,371,441,4_3
36,4,surprise,4,2, 야. 너한테서 냄새 나는 것 같아.,481,591,4_4
37,4,surprise,4,6,나한테? 나한테 무슨 냄새가 나…?,611,711,4_5
38,4,dislike,4,2,"어. 너 안 씻었냐? 아니면 방귀 뀐 거야? 아휴, 진짜 독하다.",741,896,4_6
39,4,angry,2,3,야… 너 갑자기 나한테 왜 그래? 내가 뭘 어쨌다고!,911,1021,4_7
40,4,surprise,4,4,아니 냄새가 나서 냄새 난다고 그런 걸 왜 화를 내?,1036,1111,4_8
41,4,angry,3,3,"야, 너 지금 니가 방귀 뀌고 나한테 뒤집어 씌우는 거 아냐?",1131,1241,4_9
42,4,dislike,3,2,아니거든! 진짜 냄새 나거든!,1251,1309,4_10
43,5,contempt,4,2,"저기요, 방금 세탁기 돌리신 거 그 쪽 맞죠?",31,151,5_1
44,5,contempt,4,1,휴.. 세탁기 돌리셨으면 세탁물 좀 제때제때 빼 주세요. 혼자만 쓰는 공간이 아니잖아요.,291,491,5_2
45,5,contempt,4,3,시간 맞춰서 체크 하셨어야죠. 여기 세탁기 한 대 밖에 없어서 사람들 줄 서서 기다리는 거 몰라요?,641,836,5_3
46,5,neutral,5,3,"아.. 네… 아는데, 죄송해요… 다음부턴 주의 할게요.",844,998,5_4
47,5,contempt,3,3,혹시 저번에도 세탁물 제대로 안 빼 주신 거 그쪽에서 그러신 건가요?,1026,1165,5_5
48,5,surprise,2,5,"네? 아니요, 저 이번에 처음 그런거에요.. 한 번 실수한 거 가지고 너무 뭐라고 하지 마세요 쫌.",1169,1394,5_6
49,5,dislike,5,3,"그 쪽 세탁물 안에 있던 곰돌이 그려진 티셔츠, 그거 저번에도 세탁기에 처박혀 있던 거 제가 똑똑히 기억하거든요.",1411,1671,5_7
50,5,angry,2,6,"아, 진짜 돌겠네. 남의 세탁물에 뭐가 있는지 훔쳐볼 시간에 그 쪽 옷이나 신경쓰시라구요.",1676,1887,5_8
51,6,angry,4,3,"야, 너 화장실 청소 안 해? 이번 주 너 담당이야.",31,149,6_1
52,6,neutral,5,3,이따가 할게.,152,184,6_2
53,6,angry,4,2,"이따가는 무슨 이따가야. 팽팽 놀 시간 있으면 지금 청소 해, 좋은 말로 할 때.",205,374,6_3
54,6,dislike,4,3,"언니, 내가 저번에 두 번 연속 청소 했잖아. 이번엔 언니가 좀 해.",376,512,6_4
55,6,angry,4,2,"야, 그게 무슨 두 번 연속 한 거야? 니가 제대로 안 해서 내가 다시 하라고 시킨 거야.",544,601,6_5
56,6,angry,3,3,어쨌든 두 번 하긴 한 거잖아.,606,768,6_6
57,6,angry,4,2,"벽에 물때 낀 거 다 그대로 있고, 휴지통도 제대로 안 비우고, 변기도 더러운데, 그게 청소 한 거야?",804,1009,6_7
58,6,dislike,4,2,"아니, 다 솔로 문지르고 락스 뿌렸다고.",1014,1111,6_8
59,6,angry,3,4,"더 제대로 하란 말이야, 더러운 화장실 쓰면 기분이 안 나쁘니?",1116,1227,6_9
60,6,dislike,4,2,휴… 그냥 대충 살고 싶다고 제발.,1235,1344,6_10
61,6,angry,4,1,그럴 거면 너 혼자 나가 살아!,1354,1409,6_11
62,6,angry,3,4,"아, 알았어, 청소 하면 되잖아. 한다고.",1444,1542,6_12
63,7,surprise,6,2,"수민아, 이번에 나온 그 영화 예고편 봤어?",31,122,7_1
64,7,neutral,4,5,어떤 영화?,132,157,7_2
65,7,surprise,5,1,"아, 갑자기 제목 까먹었다. 그거 뭐지.",217,298,7_3
66,7,neutral,5,1,뭐지? 갑자기 그러니까 엄청 궁금하네.,322,422,7_4
67,7,neutral,6,2,"그거, 너 좋아하는 배우 나오던데.",447,532,7_5
68,7,happy,6,3,"아, <필링 굿> 말하는 거구나! 당연히 봤지!",542,632,7_6
69,7,happy,6,2,어쩐지 봤을 거 같았어. 그거 예고편 보니까 엄청 재밌어 보이더라.,642,797,7_7
70,7,happy,5,1,"응, 이번에 연기를 그렇게 잘했다고 난리더라. 영화평들 읽어보니까.",802,927,7_8
71,7,surprise,5,3,벌써 본 사람들이 있어?,952,997,7_9
72,7,surprise,6,2,시사회를 꽤 많이 했다나봐. 이번에는.,1007,1077,7_10
73,7,neutral,5,2,너도 시사회 갔으면 좋았을텐데.,1102,1152,7_11
74,7,surprise,3,2,사실 나도 신청했는데 당첨이 안 됐어.,1162,1250,7_12
75,7,happy,5,1,그럼 우리 그거 예매해서 보러 갈래?,1272,1352,7_13
76,7,happy,6,5,"그래. 다음 주에 개봉이니까, 시간 맞춰서 같이 가자.",1362,1460,7_14
77,8,sad,4,2,아… 너한테 이런 이야기 해도 되는지 모르겠다.,31,136,8_1
78,8,surprise,4,1,무슨 얘기를 하려고 그렇게 뜸을 들여?,171,246,8_2
79,8,sad,3,3,"그냥 요즘 살기가 너무 힘들어. … 내가 세상에서.. 아무 쓸모도 없이 살아가고 있는 것 같고.. 그냥, .. 죽고 싶어.",276,566,8_3
80,8,surprise,4,2,"야, … 너 왜 그래. 무슨 일 있었어?",581,721,8_4
81,8,sad,4,2," 아니, 딱히 무슨 일이 있어서 그런 게 아니라…그냥 너무 힘이 들어.",761,941,8_5
82,8,surprise,4,2,"진짜 걱정되네. 도임아. 너, 혹시 상담 같은 거 받아 보는 건 어때?",966,1171,8_6
83,8,surprise,4,3,… 상담?,1216,1248,8_7
84,8,neutral,5,3,응. 사실은 나도 몇 년 전에 심리 상담 받아 본 적 있었거든. 그 때 너무 힘들어서. 근데 도움이 꽤 됐어.,1256,1550,8_8
85,8,surprise,5,1,나도 도움이 될까?,1557,1616,8_9
86,8,happy,6,2,"응, 한 번 시도해 보면 어때? 너가 혼자 가기 힘들면 내가 같이 가 줄게.",1634,1810,8_10
87,8,neutral,5,3,고마워. 생각 좀 해볼게.,1857,1910,8_11
88,9,contempt,5,1,교수님이 과제 내준 거 봤어? 이번 주에 우리 팀으로 내야 하는데.,31,156,9_1
89,9,surprise,4,2,무슨 과제? 너랑 나랑 팀이라고? 난 처음 듣는 소린데…?,179,341,9_2
90,9,contempt,4,1,너 또 과제 안 할거야?,351,394,9_3
91,9,angry,3,3,"아, 왜 그렇게 한심한 사람 취급을 해? 난 과제 있는지도 몰랐다니까.",405,556,9_4
92,9,contempt,3,2,교수님이 매번 공지를 다 해주시는데 그걸 왜 모를까? 네가 관심이 없는 게 아니고?,566,701,9_5
93,9,angry,2,3,아니.. 나는 그냥 깜빡한거지. 이번 주에 과제 나올 줄 모르고.,711,868,9_6
94,9,contempt,2,3,그래… 알았다 알았어. 너는 취직 걱정 없다 이거지?,886,981,9_7
95,9,angry,4,2,"뭐? 그게 무슨 소리야, 너?",996,1091,9_8
96,9,contempt,2,6,너는 취직 걱정 없으니까 그렇게 학점관리 안하는 거잖아. 니네 아빠 회사 다니면 되니까.,1104,1290,9_9
97,9,angry,4,4,"야, 너는 무슨 말을 그딴 식으로 해?",1302,1374,9_10
98,9,contempt,3,4,"뭐, 내 말이 틀렸어? 너 다른 애들처럼 아등바등 안 하잖아. 믿는 구석 있으니까.",1381,1528,9_11
99,9,angry,2,6,"야, 이수영 너 지금 말 다했냐?",1529,1604,9_12
100,10,neutral,5,2,아… 이번 주는 아무래도 운동 못갈 것 같아. 시험기간이라서 피곤해.,133,308,10_1
101,10,dislike,4,3,"야, 내가 평소에 좀 놀아서 그렇지, 그래도 시험기간에는 빡세게 했거든 언제나?",503,663,10_2
102,10,dislike,2,3,"발끈하긴 뭘 발끈해, 니가 말도 안 되는 소리를 하니까 그렇지.",721,833,10_3
103,10,neutral,5,3,알았어. 잠이 부족할 때 운동하면 몸에도 별로 안 좋대.,840,973,10_4
104,10,neutral,5,3,그니까. 시험공부 하느라 요즘 하루에 네 시간 밖에 안 자.,976,1098,10_5
105,10,surprise,5,4,네 시간? 그거 자고서 어떻게 일상생활을 해? 안 졸려?,1110,1282,10_6
106,10,neutral,5,3,"졸리지 안 졸리겠냐? 그래서, 지금도 커피 사러 나온거라니까.",1286,1428,10_7
107,10,dislike,3,3,"그래, 아무튼 알았어. 너무 무리하지 말고. 시험 잘 봐라!",1461,1601,10_8
108,10,neutral,5,3,응 고마워. 시험 끝나면 운동 나갈게. 그 때 보자!,1603,1710,10_9
109,11,happy,6,1,"비니야, 나 오늘 머리 짧게 자르려고 하는데 어때?",31,164,11_1
110,11,surprise,5,1,어느 정도 짧게 자르고 싶은데?,196,259,11_2
111,11,neutral,5,3,귀 밑에 선 정도?,283,319,11_3
112,11,surprise,5,1,그 길이는 너무 짧지 않아? 관리하기 아마 더 어려울 거야.,346,466,11_4
113,11,surprise,5,2,그래? 그러면 그냥 파마를 할까?,487,601,11_5
114,11,happy,5,3,파마도 좋지. 굵은 웨이브 넣으면 예쁠 거 같아.,616,719,11_6
115,11,neutral,5,3,머리가 많이 안 길어서 괜찮을 거야. 내가 다니는 데 소개시켜줄까?,791,921,11_7
116,11,happy,6,3,나도 앞머리 자르러 가야하는데 그럼 같이 가자!,986,1076,11_8
117,12,happy,6,1,우리 내일 등산 가기러 한 거 잊지 않았지?,31,106,12_1
118,12,happy,6,2,그럼~ 내일 몇시에 볼까? 10시?,121,206,12_2
119,12,happy,5,3,좋아. 그 정도면 덥지도 않고 좋겠다. 내가 김밥 사갈게.,221,370,12_3
120,12,happy,6,3,"그래, 그럼 나는 콜라비랑 귤 가져가야지. 무릎 아플 수도 있으니까 폴대 가져와.",381,524,12_4
121,12,neutral,5,3,앗 나 없는데? 사실 등산화도 없어서 빌려야 하나 했어.,534,686,12_5
122,12,neutral,5,3,그래? 그럼 내 등산화 빌려줄게. 발 사이즈 240이지?,696,824,12_6
123,12,neutral,5,3,응! 그래주면 고맙고.,836,881,12_7
124,12,happy,7,3,내가 너거까지 다 챙겨갈게 그러면. 끝나고 막걸리 마시자!,899,1001,12_8
125,12,happy,8,6,아싸! 막걸리에 수육 조지자~~~,1003,1069,12_9
126,12,happy,7,3,해물파전도 먹자. 거기 산 바로 밑에 유명한 데 있어.,1081,1170,12_10
127,12,happy,8,7,오예! 그러자~~,1172,1221,12_11
128,13,happy,6,3, 커피 맛있다.,31,104,13_1
129,13,happy,5,1,나 다이어트 하려고.,141,195,13_2
130,13,neutral,5,3,저번에도 말하지 않았었니?,215,261,13_3
131,13,angry,6,4,"저번에는 저번이고, 오늘은 오늘이지.",281,365,13_4
132,13,neutral,5,3,그래. 근데 너 지금 먹고 있는 거 뭐야?,408,471,13_5
133,13,happy,6,2,초콜릿 바. 다이어트에 초콜릿이 좋다 그래서.,501,591,13_6
134,13,contempt,4,1,"아, 오늘은 그걸로 저녁 대신 하는 거야?",601,701,13_7
135,13,surprise,4,6,아니? 이거는 간식이야. 다이어트는 조금씩 자주 먹는게 좋다고 하더라고. 이거 먹고 토마토 한 박스 먹으려고.,711,926,13_8
136,13,surprise,4,8,한 박스나 먹어?!,928,971,13_9
137,13,happy,6,1,토마토는 칼로리가 낮아서 괜찮다고 했어. 으니 너도 먹을래?,981,1101,13_10
138,13,contempt,4,1,"아니야, 난 됐어. 너 많이 먹고 다이어트 꼭 성공해.",1106,1211,13_11
139,14,surprise,3,2,너 오늘따라 왜 이렇게 불안해 보여? 무슨 일 있어.,31,121,14_1
140,14,sad,2,3,"아, 신경 쓰지마. 아무 것도 아니니까.",131,221,14_2
141,14,neutral,3,5,아무 것도 아니긴 뭘? 너 지금 손톱 뜯는 거 보니까 손톱이 아주 남아나질 않겠는데.,231,406,14_3
142,14,neutral,3,4,"야, 가만 있어 봐, 잠깐만. ",441,549,14_4
143,14,surprise,5,5,뭔데 그래?,574,599,14_5
144,14,surprise,10,10,아아악!!!!!! 아아아아악!!!!!!!,601,681,14_6
145,14,surprise,4,6,왜 그래?,689,711,14_7
146,14,happy,10,10,당처엄~~~~~ 당첨됐어!!!!!!!! 당첨됐다고?!,715,801,14_8
147,14,surprise,7,7,"뭐? 야, 너 로또라도 당첨 된 거야?",808,904,14_9
148,14,happy,10,9,야!!! 로또보다 낫지!!! 방음소년단 팬 싸인회 당첨됐단 말이야!!!! 아아악!!!!,907,1058,14_10
149,14,dislike,4,6," 야, 난 또 뭐라구. 그게 뭐 그렇게 좋냐? 난 진짜 로또라도 됐는 줄 알았다.",1074,1263,14_11
150,14,dislike,3,7,"야, 로또보다 이게 경쟁률이 더 높아. 알지도 못하는 게.",1266,1380,14_12
151,14,contempt,4,4,"그래, 가서 싸인 많이 받구 와라.",1391,1456,14_13
152,14,happy,10,10,안 그래도 그럴 거거든? 싸인도 받구 악수도 하구 사진도 찍어달라고 해야지!!! 아악!,1459,1642,14_14
153,14,contempt,2,6,귀 찢어지겠어! 조용히 좀 해!,1649,1714,14_15
154,15,sad,3,6,"응, 나 오늘 오전 수업 늦을까 봐 머리도 안 감고 왔다고… 오늘 한 끼도 안 먹어서 너무 배고파.",121,370,15_1
155,15,neutral,5,6,그래. 뭐 먹지. 아 배고파서 돌도 씹어먹을 수 있을 거 같아 지금.,462,626,15_2
156,15,happy,7,6,아 마라탕 좋지!,706,749,15_3
157,15,happy,6,4,괜찮아. 어차피 나 마라탕 먹어도 그렇게 맵게 해서 먹는 편은 아니야.,881,1031,15_4
158,15,dislike,4,6,거기 요즘 사람 많다고 하던데. 줄 서는 거 아냐?,1161,1282,15_5
159,15,happy,6,2,"그래, 얼른 가자!",1411,1454,15_6
160,16,happy,6,2,"오픈한 지 얼마 안 됐는데, 이벤트 하는 중인가 봐.",221,301,16_1
161,16,happy,6,4,"인스타그램에 올리면 콜라나 사이다 주고, 처음 온 사람은 소고기나 양고기 무료로 추가해준대.",356,531,16_2
162,16,sad,5,2,"그래도, 그거면 아끼는 돈이 얼만데. 대학생들 가난하니까…",658,784,16_3
163,16,happy,5,1,하긴 그래. 여기 되게 맛있대.,806,890,16_4
164,16,happy,6,1,그치? 맛있으니까 줄이 이렇게 긴 거겠지.,893,991,16_5
165,16,sad,4,3,그치. 아 배고파 죽을 거 같아. 얼마나 기다려야 해?,1146,1296,16_6
166,16,neutral,6,1,"아니, 점심시간이라 다른 식당도 다 사람 많을 거 같아. 여기서 기다리자.",1421,1575,16_7
167,17,sad,1,7,아 머리 아파. 아 나 지금 진짜 죽을 거 같아. 아… 아…,54,228,17_1
168,17,angry,3,6,"아휴, 내가 못살아. 그러게 작작 좀 마시라고 했잖아, 내가.",263,429,17_2
169,17,angry,2,7,선배들이 자꾸 술을 따라 주는데 어떻게 해 그럼. 안 먹는다고 뻗댈 수도 없고.,438,578,17_3
170,17,angry,4,5,그럼 적당히 거절을 하고 그래야지! 그걸 주는 족족 다 먹냐?,588,730,17_4
171,17,angry,4,4,아니… 어떻게 거절하냐? 강제로 계속 주는데… 우웩.. 아 나 토나와..,733,958,17_5
172,17,angry,3,6,야! 이쪽에다 토하면 죽는다. 저 쪽 보고 있어. 나 쳐다보지 말고. ,983,1143,17_6
173,17,angry,1,9,야! 너 너무한 거 아니냐? 진짜.. 서럽게..,1148,1263,17_7
174,17,dislike,4,3,"서럽긴, 헛소리 하지 말고 찬바람 좀 쏘였으면 이제 들어가자.",1321,1468,17_8
175,17,sad,4,1,나 요새 몸이 안 좋은 거 같애.,1473,1558,17_9
176,17,sad,3,3,나 1학년 때만해도 안 이랬는데 진짜 하루하루 다르네.,1734,1856,17_10
177,18,surprise,4,3,아 진짜? 나 방금 전에 학교 식당에서 소현이 봤는데. 어쩐지 안색이 안 좋아 보이더라.,144,344,18_1
178,18,angry,3,3,"야, 넌 그래도 친구가 실연을 했다는데 말을 그렇게 하냐.",454,584,18_2
179,18,neutral,5,2,그래.. 엄밀히 말하자면 니 친구는 아니긴 하지.,674,814,18_3
180,18,dislike,4,1,"그렇기도 하고, 그리고 솔직히 말해서 걔들이 좀 닭살이었냐?",824,974,18_4
181,18,dislike,5,1,그래.. 걔들이 좀… 그렇긴 했지.,983,1074,18_5
182,18,neutral,5,2,그래.. 이래서 CC를 하면 안 된다니까.,1168,1264,18_6
183,18,neutral,4,5, 너도 CC잖아.,1414,1474,18_7
184,18,neutral,6,5,"야, 난 안 깨질 거거든? 말했지, 나 오빠랑 결혼할거라고.",1481,1629,18_8
185,18,dislike,3,4,그래.. 잘 해 봐라.,1634,1704,18_9
186,19,surprise,4,2,"야, 너 원래 시금치 안 먹잖아. 웬일이야? 니가 시금치를 다 먹고… 해가 서쪽에서 뜨겠다.",106,291,19_1
187,19,surprise,6,2,"응… 원래 안 먹었는데, 얼마 전에 인터넷에서 본 레시피대로 만들어서 먹어보니까 맛있더라고?",306,508,19_2
188,19,surprise,6,3,인터넷에서? 무슨 레시피길래?,523,601,19_3
189,19,neutral,6,5,의외로 간단하네. 나물 무치는 거보다 오히려 더 간단하게 할 수 있겠다.,741,881,19_4
190,19,surprise,6,4,그래서 이제 그냥 시금치를 먹기로 한 거야?,1095,1156,19_5
191,19,neutral,7,5,소문난 편식쟁이인 니가 풀 뜯어 먹는 거 보니까 색달라서 그래.,1242,1351,19_6
192,19,angry,4,1,편식쟁이보고 편식쟁이라고 하는 게 뭐 어때서.,1474,1567,19_7
193,19,dislike,4,1,"편식쟁이라는 말은 어린 애들한테나 하는 말이고, 난 그냥 안 먹는 음식이 있다고 하는 게 맞지.",1573,1794,19_8
194,20,surprise,5,3,"이번 주 목요일… 어디보자..  아, 나 그 날 저녁에 오빠랑 약속이 있네.",146,441,20_1
195,20,surprise,5,4,저녁? 저녁 몇 시에 만나는 건데?,445,516,20_2
196,20,fear,4,2,왜 그래? 너 내 스토커야?,521,590,20_3
197,20,happy,6,1,오빠 퇴근하고 나서 만날 거니까 한 일곱 시쯤 만나지 않을까?,656,810,20_4
198,20,dislike,3,4,"아, 진짜 그럼 내가 알바 끝나고 쩔어서 오빠 만나러 가야하잖아.",951,1106,20_5
199,20,angry,4,1,아… 진짜. 알았어.,1206,1291,20_6
200,21,angry,4,3,아우.. 지겨워.,31,92,21_1
201,21,surprise,5,3,왜 그래? 뭐가 지겨운데?,181,245,21_2
202,21,dislike,3,6,"아니, 우리 교수님.. 진짜.. 맨날 똑같은 말 하는 거 같지 않아?",250,405,21_3
203,21,dislike,4,2,교수님들이 다 그렇지 뭐. 참신한 교수님이 어디있냐?,413,545,21_4
204,21,surprise,5,1,아니.. B반 교수님은 새로 오신 분이라 그런지 완전 열심히 수업하신대.,550,735,21_5
205,21,neutral,5,3,대신에 과제도 많이 내주신다고 하더라. 우리 교수님은 과제는 별로 없잖아.,743,883,21_6
206,21,dislike,4,3,아우.. 그래도 좀 정도껏해야지. 수업을 너무 못해. 졸려서 참느라 혼났다고.,895,1094,21_7
207,21,contempt,4,2,졸린 걸 참았다고… 니가? 엄청 쿨쿨 자던데. 내가 아까 깨웠잖아.,1103,1250,21_8
208,21,neutral,5,1,아 그건 깜박 잠든거였구.,1255,1310,21_9
209,21,contempt,3,3,깜박 잠들었는데 코를 골아? 너 코 골아서 깨운거야…,1315,1419,21_10
210,21,angry,4,3,야! 그만 놀려!,1421,1489,21_11
211,22,sad,5,1,"지은아, 아무리 생각해도 우리 안 될 것 같아. 헤어지자.",31,317,22_1
212,22,angry,3,6,싫어. 나 헤어지기 싫단 말이야.,328,424,22_2
213,22,sad,4,1,지은아. 나 지금 진지하게 말하는 거야.,440,531,22_3
214,22,angry,3,6,나도 진지하게 말하는 거야. 나 헤어지기 싫어.,536,654,22_4
215,22,angry,3,4,휴…… 너 진짜 왜 그래.,671,751,22_5
216,22,angry,2,7,"생각할 시간 좀 달라더니, 시간 갖고 생각해서 나온 결론이 고작 이거야? 헤어지자고?",801,1018,22_6
217,22,angry,4,5,"그럼 어떡할 건데. 내가 안 되겠다는데, 어떻게 할 거냐고.",1026,1216,22_7
218,22,angry,1,8,니가 어떻게 나한테 이럴 수가 있어?,1231,1312,22_8
219,22,neutral,5,2,"미안해, 내가 잘못했어.",1351,1481,22_9
220,22,angry,1,9,미안하다는 말이면 다야? 그렇게 말 한 마디로 끝내자고?,1486,1591,22_10
221,22,neutral,4,5,미안해. 진짜 미안해. 헤어지자 우리. 나 먼저 일어날게.,1598,1949,22_11
222,23,happy,6,2,나 이제부터 채식하기로 했어.,31,121,23_1
223,23,surprise,5,1,채식? 채식주의자 하기로 했다고?,130,248,23_2
224,23,happy,6,3,응. 채식주의자.,251,311,23_3
225,23,surprise,5,2,갑자기? 너 고기 엄청 잘 먹었었잖아.,341,421,23_4
226,23,neutral,5,5,"응.. 근데 이제는 그냥 고기를 안 먹으려고. 나 강아지도 키우잖아. 생각해보니까, 고기를 굳이 안 먹어도 살 수 있으니까.",445,731,23_5
227,23,neutral,5,2,그래… 대단하다. 난 고기가 너무 맛있어서.. 고기 안 먹고는 못 살 거 같아.,741,936,23_6
228,23,neutral,5,5,…응. 근데 식당 같은데 가면 고기 안 든 메뉴 고르는 게 너무 어렵더라고.,986,1141,23_7
229,23,neutral,5,5,하긴 그렇겠다. 우리나라는 채식주의자들 살기 힘들다고 하더라고.,1198,1322,23_8
230,23,happy,6,1,그래서 요즘은 주로 도시락 많이 싸서 다녀.,1331,1426,23_9
231,23,neutral,5,5,고생이겠네.,1440,1471,23_10
232,23,happy,6,3,"응, 그래도, 내가 먹고 싶은 걸로 싸서 다니면 돈도 절약되고 건강에도 좋고.",1473,1621,23_11
233,23,dislike,4,1,그러게. 귀찮은 것 빼고는 좋겠다.,1636,1746,23_12
234,24,sad,2,3,…아.. 나 지금… 너무 아파..,218,315,24_1
235,24,sad,2,3,"나, 아프다고..",388,452,24_2
236,24,surprise,4,6,어디가 아픈데? 왜 이래?,458,528,24_3
237,24,neutral,3,4,배가 너무 아파… 아까 전에 점심 먹은 게 잘못됐나봐.,533,733,24_4
238,24,fear,4,5,"언니, 괜찮아? 소화제라도 하나 줘? 언니?",752,893,24_5
239,24,neutral,3,3,…아… 아니.. 못 먹겠어.. 지금 계속 토한단 말이야.,903,1104,24_6
240,24,fear,3,6,언니? 지금 응급실이라도 가봐야 하는 거 아냐? 열이 너무 많이 나는데?,1108,1298,24_7
241,24,neutral,3,3,응.. 가봐야 할 거 같아…,1303,1393,24_8
242,24,neutral,5,6,"기다려, 내가 같이 가줄게! 지갑 가져올 테니까 잠깐만.",1403,1553,24_9
243,25,surprise,5,6,아 맞다… 조금 있으면 어버이날이지. 나 생각을 안 해봤는데.,147,331,25_1
244,25,neutral,5,5,음.. 그럼 그냥 어버이날 선물이랑 아빠 생신 선물이랑 퉁치자.,492,681,25_2
245,25,neutral,4,5,그럼 어떻게 하지. 너는 뭐 생각해 둔 거 있어?,753,854,25_3
246,25,surprise,6,7,"아, 그러게. 저번에 그거 좋아하셨었잖아.",996,1091,25_4
247,25,neutral,6,6,그럼 나는 셔츠랑 타이 사 드려야겠다.,1206,1308,25_5
248,25,neutral,5,5,내가 케이크 사올게.,1383,1437,25_6
249,26,surprise,5,6,"내일? 아니, 아마 집에서 저녁 먹을 거 같은데.",126,291,26_1
250,26,neutral,5,5,"점심에 일이 있긴 한데, 몇시쯤 끝날지 모르ㅤㄱㅖㅆ거든.. 근데 왜?",451,681,26_2
251,26,happy,5,2,외식하게? 아니면 집에서 먹게?,799,881,26_3
252,26,neutral,5,6,뭐 해서 먹게?,912,953,26_4
253,26,neutral,5,6,응. 그냥 삼겹살 사다가 구워 먹으려구.,989,1081,26_5
254,26,happy,7,7,"야, 삼겹살 먹을거면 나랑 같이 먹어야지. 내가 삼겹살 좋아하는 거 뻔히 알면서.",1085,1251,26_6
255,26,happy,6,7,"그래, 그래서 지금 이렇게 물어보는 거잖아.",1256,1343,26_7
256,26,happy,7,3,"알았어, 내일 일찍 들어올게. 같이 먹자.",1351,1451,26_8
257,27,angry,4,2,"언니, 이거 좀 봐줘. 내 컴퓨터가 이상해.",31,149,27_1
258,27,surprise,5,3,컴퓨터가 왜 갑자기?,161,194,27_2
259,27,fear,4,2,모니터가 잘 나오다가 갑자기 꺼졌어.,201,282,27_3
260,27,fear,4,2,멀쩡하던 게 갑자기 왜 그래? 너 뭐 잘못 만진 거 아니야?,293,401,27_4
261,27,dislike,4,1,"아니야, 내가 뭘 잘못 만졌다고 그래. 그냥 가만히 인터넷 하는 중이었다니까.",411,551,27_5
262,27,neutral,5,5,이거.. 혹시 바이러스 걸린 거 아니야?,631,681,27_6
263,27,fear,4,2,바이러스..? 그럼 자료 다 날아가는 거야?,732,831,27_7
264,27,contempt,4,1,너 이상한 사이트 접속하고 그런 거 아니야?,988,1064,27_8
265,27,angry,3,2,아니야! 나 과제하는 중이었다고.,1065,1121,27_9
266,27,neutral,5,5,아무래도.. 윈도우 다시 깔아야 할 거 같은데.,1227,1325,27_10
267,27,dislike,4,3,안 돼! 그럼 파일 다 날아가는 거잖아?,1326,1383,27_11
268,27,dislike,3,3,먹통이 됐는데 그럼 어떻게 해. 미리 저장을 잘 했어야지.,1391,1476,27_12
269,27,fear,2,4,아… 망했다…,1481,1539,27_13
270,28,neutral,5,5,그럼 다 주문한 건가…,31,108,28_1
271,28,contempt,5,2,4만원 넘어? 아니면 배송비 내야 돼.,113,201,28_2
272,28,surprise,5,1,"아, 집에 두부 남아 있었나?",216,331,28_3
273,28,neutral,5,5,냉장고 안에 있었던 거 같은데.,342,451,28_4
274,28,neutral,5,5,그럼 하나 더 사자.,501,542,28_5
275,28,angry,3,6,안 돼. 그냥 그거 다 먹으면 사. 저번에도 유통기한 지나서 버렸잖아.,545,681,28_6
276,28,neutral,5,5,두부는 유통기한 지나서 먹어도 괜찮아.,691,753,28_7
277,28,neutral,5,5,유통기한이랑 소비기한이랑 다른 거 몰라? 유통기한 지난 거 먹어도 돼.,848,976,28_8
278,28,neutral,5,5,지금 두부 할인하잖아. 유기농인데 이렇게 싸다고. 쌀 때 사놔야지.,1046,1211,28_9
279,29,neutral,5,5,왜 얼굴이 죽상이야?,31,81,29_1
280,29,sad,3,4,오늘 면접봤다.,91,161,29_2
281,29,surprise,5,2,"헐, 광고 회사? 그게 오늘이었어? 잘 봤어?",171,331,29_3
282,29,contempt,4,2,결혼은 했냐 안했냐 이딴 거 묻더라.,340,419,29_4
283,29,surprise,4,3,그래서?,441,481,29_5
284,29,dislike,3,4,"아직 안했다 그랬더니 남친은 있냐, 둘이 결혼할 거냐, 언제 할 거냐...",493,696,29_6
285,29,surprise,3,4,대박...,701,741,29_7
286,29,dislike,3,5,아! 짜증나!,803,851,29_8
287,29,neutral,5,5,거기 니가 제일 가고 싶어하던 회사 아니야?,861,951,29_9
288,29,sad,3,3,맞아. 서류 통과했다고 면접보러 오라고 했을 때 너무 좋아서 방방 뛰었는데 이게 뭐야.,958,1161,29_10
289,29,contempt,4,3,되게 젊고 신선한 이미지로 포장하더니 완전 꼰대잖어?,1167,1291,29_11
290,29,dislike,3,3,내 말이. 완전히 환상 다 깨졌어.,1296,1407,29_12
291,29,surprise,5,2,만약에 붙었다고 연락오면 어떡할 거야?,1411,1491,29_13
292,29,sad,3,4,몰라. 아! 술 땡겨!,1569,1676,29_14
293,29,neutral,5,5,그래. 술 마시러 가자. 오늘 같은 날 마셔야지. ,1685,1767,29_15
294,30,neutral,5,5,주문하시겠어요?,31,89,30_1
295,30,neutral,5,5,네. 아이스 아메리카노에 샷 추가해서 주세요.,91,182,30_2
296,30,happy,6,2,네. 잠시만 기다려주세요. 준비해드릴게요.,184,281,30_3
297,30,angry,4,2,"여기, 아메리카노에 샷이 몇 개 들어가요?",861,971,30_4
298,30,fear,5,1,두 개 들어가는데요.,978,1026,30_5
299,30,angry,3,4,"근데 이거, 커피 맛이 왜 이래요?",1031,1110,30_6
300,30,surprise,3,3,커피 맛이 이상한가요?,1119,1200,30_7
301,30,angry,2,5,커피가 싱겁잖아요… 샷도 추가했는데.,1203,1296,30_8
302,30,fear,3,3,아… 저희 가게 커피가 부드러운 맛이라서 조금 그렇게 느끼실 수도 있는데.,1300,1490,30_9
303,30,angry,2,5,부드러운 맛이라고요? 샷 추가 안 해주신 거 아니에요?,1512,1621,30_10
304,30,dislike,3,4,샷 세 개 넣은 건데요. 제가 하나 더 넣어드릴게요.,1630,1741,30_11
305,30,angry,3,6,죄송하다는 말부터 해주셔야 하는 거 아닌가요.,1761,1863,30_12
306,30,contempt,3,4,"…..네, 죄송합니다. 금방 다시 해 드릴게요.",1901,2041,30_13
307,31,neutral,5,5,"언니, 회사 휴가 낸다고 한 건 어떻게 됐어?",31,134,31_1
308,31,happy,7,5," 아, 맞다. 그 때 쉴 수 있대. 우리 시간 맞춰서 6월에 가면 될 거 같아.",143,318,31_2
309,31,happy,7,6,와! 잘 됐다. 그럼 6월 1일부터 14일까지?,323,421,31_3
310,31,happy,6,3,응. 이제 비행기랑 숙소부터 예약하면 될 듯 해.,425,568,31_4
311,31,fear,6,1,"언니, 근데 아직 어떻게 돌 지 다 안 정했잖아.",573,658,31_5
312,31,fear,6,1,맞다. 나중에 가면 비싸지니까.,814,884,31_6
313,31,happy,9,8,"아, 여행 진짜 기대된다.",1061,1139,31_7
314,31,happy,8,5,나도. 이렇게 길게 여행간다는 게 실감이 안 나.,1150,1310,31_8
315,31,happy,7,5,"언니도 나도 그 동안 회사 열심히 다녔으니까, 가끔 이렇게 보상을 받아야지.",1313,1488,31_9
316,32,sad,3,5,아….. 나 떨어졌어. 또 떨어졌네.,31,180,32_1
317,32,happy,6,2,"… 지원아, 괜찮아. 더 좋은 회사 될 거야.",206,322,32_2
318,32,surprise,5,1,너는 어떻게 됐어? 붙었어?,324,391,32_3
319,32,fear,6,1,"… 응, 나는 합격했어.",403,497,32_4
320,32,happy,6,5,진짜? 축하해! 너 정말 열심히 준비했었잖아.,500,661,32_5
321,32,sad,5,3,고마워. 너는 떨어졌는데 나 혼자 축하받으려고 하니까 미안하고 민망하네.,668,831,32_6
322,32,sad,5,2,"뭐가 미안해, 내가 제대로 준비를 못 해서 그런건데. 내 걱정하지 말고 마음껏 즐겨.",841,1041,32_7
323,32,happy,6,6,"고마워, 정말. 지원이 너랑 준비 같이 해서, 나도 도움 많이 받았어.",1046,1184,32_8
324,32,sad,4,2,아니야… 내가 너한테 도움을 많이 받았지. 떨어지긴 했지만.,1186,1340,32_9
325,32,happy,9,8,지원이 너는 그래도 정말 더 좋은 회사 될거야. 응원할게. 내가 뭐 도와줄 거 있으면 언제든지 말해.,1343,1551,32_10
326,32,happy,5,2,응.. 말이라도 그렇게 해주니까 고맙다.,1559,1657,32_11
327,32,happy,7,4,진심이야. 너도 금방 합격할거야.,1667,1806,32_12
328,33,surprise,5,1,왜 그래?,152,197,33_1
329,33,neutral,5,5,"아, 안하던 운동을 갑자기 해서 그런가보네.",400,502,33_2
330,33,surprise,5,3,"나이 들긴, 아직 팔팔한 이십 대가.",622,691,33_3
331,33,happy,6,3,수민이 너는 수영 할 줄 알아?,697,747,33_4
332,33,neutral,5,5,"응, 나는 어릴 때 배웠었어.",752,836,33_5
333,33,happy,6,4,나 수영 선수였잖아.,947,1000,33_6
334,33,surprise,6,3,진짜? 너 선수였어?,1002,1045,33_7
335,33,happy,7,3,"응, 대단한 건 아니지만 그래도 시 대회 나가서 메달도 따고 그랬어, 중학생 때까지.",1047,1202,33_8
336,33,happy,8,2,"와, 대단하다… 너 그럼 평영, 접영도 다 할 줄 알아?",1237,1360,33_9
337,33,happy,7,3,"당연하지, 선수였다니까!",1366,1457,33_10
338,34,happy,6,2,"수민아, 다음 주에 놀이공원 같이 갈래?",31,152,34_1
339,34,happy,6,3,다음 주 언제?,156,191,34_2
340,34,happy,6,4,"토요일, 아니면 일요일에?",198,256,34_3
341,34,happy,8,5,"난 좋지! 토요일도 좋고, 일요일도 좋아!",262,377,34_4
342,34,happy,6,4,"잘 됐다. 토요일엔 비 올 수도 있다고 하니까, 일요일에 가자.",381,511,34_5
343,34,surprise,6,2,좋아! 근데 갑자기 놀이공원은 왜 가자고 한 거야?,516,621,34_6
344,34,neutral,5,5,"나, 엄마가 회사에서 받은 할인권을 주셨거든.",628,736,34_7
345,34,surprise,7,4,"우와, 몇 프로 할인되는데?",743,806,34_8
346,34,happy,7,5,70%. 많이 할인 되지?,808,861,34_9
347,34,surprise,10,7,70? 그 정도면 거의 공짜로 주는 거 아닌가…,863,972,34_10
348,34,happy,9,5,"응, 그 놀이공원이랑, 엄마네 회사랑 협력사라서 그렇다나봐.",974,1117,34_11
349,34,happy,9,6,"그래. 그럼 너 덕분에 할인받으니까, 가서 내가 맛있는 밥 살게.",1121,1255,34_12
350,34,happy,9,5,좋아! 신난다. 너 무서운 놀이기구 잘 타지?,1257,1371,34_13
351,34,happy,10,8,당연하지. 나 롤러코스터 진짜 좋아해.,1374,1449,34_14
352,34,happy,9,7,아싸! 그럼 가서 롤러코스터 왕창 타고 오자.,1451,1551,34_15
353,35,dislike,5,2,방해하지 말고 나가 줘. 나 지금 이거 보는 중이잖아.,122,206,35_1
354,35,happy,5,2,새로 나온 웹툰 정주행 중이란 말이야. 또또 작가님이 그린 신작 완결 났다고.,273,431,35_2
355,35,happy,6,4,또또 작가님이 신작을 냈어? 언제?,434,533,35_3
356,35,contempt,5,1,꽤 됐어. 그러니까 완결을 냈지.,535,606,35_4
357,35,dislike,5,1,내가 그런거까지 챙겨서 말을 해 줘야 알아? 좋아하면 언니가 좀 챙겨 보지!,764,891,35_5
358,35,happy,10,7,어. 엄청 재밌어.,939,1022,35_6
359,35,surprise,6,3,너 그거 전부 결제해서 읽는 거야?,1026,1108,35_7
360,35,happy,9,7,당연하지. 또또 작가님한테 가는 돈은 하나도 안 아깝다고.,1110,1239,35_8
361,36,sad,4,1,아… 나 배 안고파.,108,189,36_1
362,36,angry,4,2,진짜 배 안고프다니까?,330,391,36_2
363,36,neutral,5,5,어. 나 곤약젤리 먹었어.,465,551,36_3
364,36,neutral,5,5,이거 먹으니까 .. 그냥 배가 좀 부른 거 같애.,687,801,36_4
365,36,neutral,5,5,너 꼬르륵 소리 다 들려. 오늘 반찬 맛있는 거 했는데.,804,931,36_5
366,36,surprise,6,1,무슨 반찬했는데?,946,1006,36_6
367,36,angry,4,3,지금 나 약올려?,1099,1151,36_7
368,36,dislike,3,3,그럼 내 다이어트 방해하지 말고 내 방에서 사라져 줘.,1311,1450,36_8
369,36,happy,5,1,그럼 내가 다 먹는다? ,1453,1551,36_9
370,37,happy,6,3,오늘 결혼식은 진짜 좋았어.,31,100,37_1
371,37,happy,6,2,"승연언니, 드레스 입으니까 진짜 예쁘더라.",106,226,37_2
372,37,happy,6,3,그러게. 언니 안 그래도 얼굴도 작은데… 살 빠져서 그런지 진짜 연예인 같아.,231,426,37_3
373,37,neutral,5,5,언니 정도면 연예인이지 뭐. 이제 아나운서인데.,431,536,37_4
374,37,happy,5,2,그런가. 아나운서들은 재벌이나 연예인이랑 결혼하고 그런 경우도 많던데. 승연언니는 참 일편단심이네.,541,788,37_5
375,37,neutral,5,5,"그래도, 지훈오빠랑 둘이 잘 어울리잖아. 오빠네 집도 엄청 잘 산대.",792,941,37_6
376,37,neutral,5,5,"그래, 끼리끼리 만나는 거지 뭐.",946,1026,37_7
377,37,neutral,5,5,지원이 너는 결혼 안 하고 싶어?,1031,1101,37_8
378,37,dislike,5,2,나? 나는 결혼 하기 싫어.,1106,1194,37_9
379,37,surprise,6,5,진짜? 왜? 나는 오늘 승연언니 드레스 입은 거 보니까 결혼 하고 싶던데.,1206,1385,37_10
380,37,dislike,4,3,그냥 예전부터 하기 싫었어. 한국에서 여자는 결혼하면 무조건 손해야.,1391,1568,37_11
381,37,contempt,5,1,"야, 결혼 안한다는 애들이 꼭 제일 먼저 결혼한다더라.",1571,1696,37_12
382,37,dislike,4,5,"아, 난 그 말 진짜 싫어. 난 진짜 안할거거든.",1707,1816,37_13
383,38,surprise,7,3,이게 뭐야?,181,211,38_1
384,38,happy,7,2,"야, 뭘 이런 걸 다 주셨대. 죄송하게.",401,521,38_2
385,38,happy,6,3,"야, 그래도, 말이 그렇지 이렇게 챙겨주시는 게 쉽냐?",691,801,38_3
386,38,happy,7,4,그렇긴 해. 우리 엄마는 나랑 너랑 바꾸자고 하면 얼씨구나 좋다 하고 바꾸실거야.,807,1011,38_4
387,38,happy,7,4,말도 안되는 소리하네. 또.,1016,1091,38_5
388,38,happy,7,4,"뭐가 말이 안 돼? 우리 엄마가 너 엄청 좋아하시잖아. 내 친구들 다 좋아하시긴 하는데, 그 중에서도 너는 좀 심해.",1094,1346,38_6
389,38,happy,6,3,그건 그렇지만…,1350,1409,38_7
390,38,happy,7,5,나는 니가 엄마의 숨겨논 딸인가 싶었다니까.,1413,1525,38_8
391,38,happy,7,3,아무튼 너무 감사드린다고 꼭 전해 줘. 내가 전화라도 한 통 드릴게.,1527,1667,38_9
392,39,surprise,6,3," 야, 너 뉴스 봤어?",31,85,39_1
393,39,surprise,5,2,뉴스? 무슨 뉴스?,91,145,39_2
394,39,surprise,4,3,"그거, 홍두영이 성매매 하다가, 성폭행으로 고소 당했다는 거. 난리던데 아주.",149,325,39_3
395,39,surprise,4,4,홍두영? 가수 말하는 거야?,331,408,39_4
396,39,dislike,2,4,그래. 걔 그럴 줄 알았다니까. 원래 엄청 떠벌리고 다녔대.,411,575,39_5
397,39,contempt,4,3,떠벌리고 다녔다고?,614,645,39_6
398,39,contempt,4,2,"그래. 자기 단골인 룸싸롱 많다고, 가면 VIP 대접 받는다고 자랑했다더라. 아는 사람은 다 안대.",660,880,39_7
399,39,contempt,3,4,"아니, 걔는 그걸 자랑이라고 말하고 다녔다는거야? 어이가 없다 정말.",885,1083,39_8
400,39,dislike,4,3,"그러니까, 내 말이. 세상에 믿을 놈 하나 없다니까.",1087,1245,39_9
401,39,surprise,4,3,너 중학교 때까지 홍두영 엄청 좋아했었잖아.,1298,1363,39_10
402,39,dislike,3,5,"야, 지금은 내 흑역사야. 집에 가서 모아 놓은 앨범 다 부셔서 불태울거라고.",1367,1561,39_11
403,39,neutral,4,2,그래. 손절은 빠를수록 좋다더라.,1565,1685,39_12
404,40,surprise,6,3,"수민아, 혹시 다음주 화요일쯤 시간 돼?",31,161,40_1
405,40,surprise,5,2,"확실하지는 않은데, 왜?",173,238,40_2
406,40,neutral,5,5,나 2박3일 출장 가거든. 고양이 때문에.,243,370,40_3
407,40,surprise,5,2,"아, 고양이? 내가 데리고 있을까?",376,471,40_4
408,40,neutral,7,6,그냥 집에 한번 들러서 밥이랑 화장실만 챙겨주면 돼.,479,593,40_5
409,40,happy,6,2,그 정도쯤은 껌이지.,597,651,40_6
410,40,happy,5,1,"사료는 찬장 열면 있고, 베란다 구석에 화장실 삽 있어.",658,776,40_7
411,40,neutral,6,5,"저번에 너네 집 갔을때 사료 주는거, 화장실 치우는거 다 봐서 알아.",786,901,40_8
412,40,happy,6,3,그럼 너만 믿는다?,906,947,40_9
413,40,happy,6,4,걱정 마셔.,951,1002,40_10
414,40,happy,7,5,출장 갔다오면 한 턱 쏘겠습니다요.,1009,1081,40_11
415,40,neutral,6,5,고기 쏴.,1083,1105,40_12
416,40,happy,6,4,삼겹살?,1108,1131,40_13
417,40,happy,6,5,콜!,1133,1180,40_14
418,41,angry,4,1,솔직히 말해줘.,31,63,41_1
419,41,fear,4,2,누가 거짓말 했대? 주식이 자꾸 떨어지기만 하잖아,182,311,41_2
420,41,dislike,4,1,내가 분명히 말했지. 나는 그냥 제안할 뿐이고 결정은 니가 하는 거라고.,325,492,41_3
421,41,angry,4,2,아무리 그래도 그렇지. 너는 얼마나 샀어?,501,628,41_4
422,41,angry,3,6,뭐라고?! 니가 확실하다며! 대출 받을까 고민한다며!,700,867,41_5
423,41,angry,4,2,그럼 그 정돈 나한테 말해줄 수 있었잖아.,1018,1104,41_6
424,41,angry,3,4,너 지금 그걸 말이라고 해?!,1365,1430,41_7
425,41,angry,4,3,야 투자는 본인 의지로 하는거지.. 이제와서 내탓하지마,1430,1577,41_8
426,41,angry,4,3,같은 말을 해도 어떻게 그렇게 하냐 넌..,1650,1741,41_9
427,42,neutral,5,3,저기요. 실례합니다,31,98,42_1
428,42,neutral,5,3,저기. 지하철 역 쪽으로 가려면 어떻게 가야 돼요?,159,268,42_2
429,42,happy,6,2,아. 잘 됐네요. 감사합니다.,481,579,42_3
430,42,happy,6,2,오늘 이쪽에서 친구네 집에 놀러와서요. 이제 집으로 돌아가려구요.,662,821,42_4
431,42,happy,6,1,저는 이제 친구 만나러 가는 길인데.,835,919,42_5
432,42,happy,6,2,그러시구나. 늦게 나가시네요.,920,1000,42_6
433,42,happy,6,2,술도 한 잔 먹고. 남이 차려주는 밥도 좀 먹게요.,1024,1158,42_7
434,42,happy,6,3,즐거운 시간 보내세요.,1191,1249,42_8
435,42,happy,6,1,아참! 오늘 비 온대요!,1312,1407,42_9
436,42,happy,6,2,아 돌아오는 길에 하나 사야겠네요. 고마워요!,1407,1548,42_10
437,43,neutral,5,3,나 현우랑 진지하게 만나보려고,31,111,43_1
438,43,surprise,4,6,현우? 언니 정훈 오빠 좋아했잖아,117,233,43_2
439,43,surprise,4,6,정훈이? 언제적 얘길 하고 있어. 끝난지 오래야.,251,400,43_3
440,43,surprise,4,3,아닌데.. 분명히 라일락 필 무렵에 언니가 정훈 오빠 좋아한다고 했잖아.,409,610,43_4
441,43,happy,6,3,라일락? 니가 참 낭만적인 구석이 있다니까.,627,778,43_5
442,43,sad,4,2,낭만적이면 뭐해.,824,861,43_6
443,43,neutral,5,3,지욱이한테 고백해봤어?,967,1061,43_7
444,43,sad,4,2,아니. 나는.. 겁쟁이랍니다.,1066,1179,43_8
445,43,neutral,5,3,라일락 필 무렵을 기억하는 사람이라면 지욱이도 좋아할거야,1203,1386,43_9
446,43,sad,4,4,지욱이는 꽃 알러지가 있대,1399,1495,43_10
447,43,sad,4,1,힘내라..,1545,1577,43_11
448,43,sad,3,4,내 사랑을 이대로 포기해도 되는걸까..?,1581,1654,43_12
449,43,surprise,4,2,야 왜 포기를 해! 일단 부딪혀봐야지!,1661,1791,43_13
450,44,happy,6,1,너 명수 오빠 결혼식 갈거지?,31,115,44_1
451,44,surprise,6,7,어? 결혼한대?,115,172,44_2
452,44,surprise,6,2,단톡방에 청첩장 올라왔었잖아.,174,250,44_3
453,44,surprise,6,3,"그래?  아, 여깄다. 신부가 낯이 익은데?",250,543,44_4
454,44,neutral,5,3,직장 후배래.,550,594,44_5
455,44,neutral,5,3,동아리 사람들 많이 가면 나도 가고 싶어서.,733,845,44_6
456,44,neutral,5,3,다음 토욜이네. 난 그날 일하는데.,858,952,44_7
457,44,dislike,4,1,그럼 못가?,966,1006,44_8
458,44,neutral,5,3,나 늙었나봐. 자꾸 동아리 사람들이 보고싶네.,1132,1256,44_9
459,44,happy,6,1,같이 가자. 혼자 가기는 좀 뻘쭘해.,1434,1551,44_10
460,44,neutral,5,3,다 아는 사람들인데 뭐가 뻘쭘해?,1552,1618,44_11
461,44,sad,4,1,나 애들 낳고 하느라고 동아리 모임 오랫동안 못 나갔잖아.,1621,1760,44_12
462,45,dislike,4,4,맛도 더럽게 없네. 커피나 마시러 가자. 이 근처에 잘하는데 있어.,31,190,45_1
463,45,angry,4,6,황금같은 주말에 이게 뭐야 진짜,190,279,45_2
464,45,dislike,4,3,알지. 그래서 봉투만 보내려고 했는데 다들 간다고 하니까,326,488,45_3
465,45,dislike,4,3,그러니까... 출장간 김대리가 이렇게 부러울 수가 없어,595,722,45_4
466,45,contempt,4,7,으휴 지들끼리 다 해먹어라 다 해먹어,970,1064,45_5
467,45,dislike,4,1,"야 웃어, 웃어",1147,1221,45_6
468,45,sad,4,1,가짜로 점철된 내 인생…,1223,1286,45_7
469,45,happy,6,1,더럽고 치사해도 어떡해…,1297,1372,45_8
470,46,surprise,6,6,어 너 여기 왠일이야?,31,105,46_1
471,46,surprise,6,6,어? 나는 요 옆이 우리 본가라서 넌?,111,226,46_2
472,46,surprise,6,3,나는 이쪽이 우리 시댁이라서,231,300,46_3
473,46,surprise,6,2,시댁? 그런데 혼자 카페는 왜 나왔어?,300,406,46_4
474,46,sad,4,1,묻지 말아줘..,436,525,46_5
475,46,neutral,5,3,아… 결혼하고 첫 명절… 어땠어?,526,648,46_6
476,46,dislike,4,1,다들 잘 해 주시는데… 그래도 시댁은 시댁이지 뭐. 넌?,658,836,46_7
477,46,dislike,4,3,오랜만에 집에 왔더니 결혼하라고 난리잖아. 시끄러워서 빠져나왔지.,838,1027,46_8
478,46,dislike,4,2,사는게 쉽지 않다.,1027,1097,46_9
479,46,dislike,4,4,진짜 쉬운게 하나도 없다니까.,1100,1181,46_10
480,46,dislike,4,2,여기 문 닫을 때까지 있고 싶다.,1185,1280,46_11
481,46,happy,6,2, 나도.,1289,1349,46_12
482,46,dislike,4,3,여기 사장님도 오늘 같은 날 카페를 왜 열었겠어,1350,1497,46_13
483,46,neutral,5,3,가기 싫은 곳이 있었겠지,1498,1591,46_14
484,47,happy,6,6,와 경치 좀 봐 너무 좋다,31,141,47_1
485,47,dislike,4,6,아… 힘들어,141,189,47_2
486,47,happy,6,6,야 힘들어하지만 말고 저기좀 봐바. 오늘 날씨 끝내준다. 엄청 멀리까지 보이는데?,189,414,47_3
487,47,angry,4,6,무슨. 오늘 미세먼지 많대,415,514,47_4
488,47,dislike,4,4,그래. 오늘 미세먼지 위험인거 몰랐어?,563,648,47_5
489,47,surprise,4,4,어 몰랐는데… 바깥활동 자제라고 뜨네…,653,839,47_6
490,47,angry,3,6,이런 날 아득바득 쉬는 사람 끌고 나와서 뭐야 이게,852,971,47_7
491,47,neutral,5,3,이미 미세먼지 잔뜩 마신거 그냥 기분좋게 심호흡 하자,971,1120,47_8
492,47,surprise,3,7,"뭐하는 거야, 드럽게…",1144,1198,47_9
493,47,neutral,5,3,그럼 넌 숨 안 쉬냐? 어차피 다 마시게 돼 있어.,1202,1325,47_10
494,47,dislike,4,4,멍청한 짓 좀 하지마.,1326,1388,47_11
495,48,neutral,5,3,어떻게 시간이 흐르긴 흘렀네요.,31,127,48_1
496,48,neutral,5,3,그러게. 너무 고생 많았네.,132,237,48_2
497,48,neutral,5,3,그치.. 나도 친정 엄마 없었으면 엄두도 못 냈을 거 같아요.,377,529,48_3
498,48,happy,6,2,고생이 고생인지도 모르겠고. 그냥 하루 하루 사람이라는 게 원래 이렇게 사는 건가 보다 하는 거지.,626,906,48_4
499,48,happy,6,3,똑같아. 그냥.. 이게 나아지면 저게 더 힘들어지고..   그냥 사는 거라니까.,1016,1257,48_5
500,48,happy,6,3,내가 한 게 뭐 있다고. 애 클 때까지 또 열심히 벌어보자.,1497,1638,48_6
501,48,happy,6,2,자기 몸이 제일 중요한 거니까. 건강 잘 챙겨요.,1718,1817,48_7
502,49,fear,4,3,저기요. 혹시 들으셨어요?,31,75,49_1
503,49,surprise,4,4,안녕하세요. 어쩐 일이세요?,75,153,49_2
504,49,fear,4,6,아니. 지금 우리 집에 들어가려고 하니까 안에서 무슨 소리가 들려서요. 우리집 남편은 모임 가서 오늘 안 들어오거든요.,153,424,49_3
505,49,fear,3,6,장롱 여는 소리 같치럼.. 하여튼 무서워 죽겠어요.,507,639,49_4
506,49,fear,4,6,"뭐가 툭 툭 떨어지는 소리도 나고, 문이 열리는 거 같기도 하고... 뒤적거리는 소리였는지...",696,948,49_5
507,49,neutral,5,3,어디서 들으셨어요? 어느 쪽에서요?,948,1022,49_6
508,49,fear,3,6,안방 안 쪽 화장실에서 나는 소리 같기도 하고.. 아님 부엌인거 같기도 하고..,1028,1220,49_7
509,49,fear,4,6,"엊그제도 옆 동네에 도둑이 들었다던데.,, 그냥 도둑도 아니고 강도 살인이랬거든요.",1220,1414,49_8
510,49,fear,4,6,경찰을 안 불러도 될까요?,1438,1496,49_9
511,50,surprise,4,4,끝? 끝이 어디야.,148,218,50_1
512,50,angry,4,4,"언니, 어떻게 보면 총알을 피해간 걸수도 있어. 그런 자식이랑 결혼해봤자 고생만 더해?",277,535,50_2
513,50,angry,4,4,"왜 그렇게 생각해. 솔직히 그 자식 맨날 바람피고, 언니 데려다가 예비시댁이다 뭐다 일만 시키고.",721,968,50_3
514,50,dislike,4,3,뭘 세상 다 끝난것처럼 이러고 있어..,1224,1301,50_4
515,50,dislike,4,5,야! 좀 그냥 위로해주면 어디 덧나니? 너는 꼭 매사에 그렇게 똑똑한척 잘난척이라 밥맛이야 진짜.,1308,1570,50_5
516,50,dislike,4,2,"똑똑한척이 아니라, 결혼을 안하는게 똑똑한거야 요새는.",1572,1705,50_6
517,50,dislike,4,4,나는 너무 다행이라고 생각해,1811,1904,50_7
